Ref,Val,Package,PosX,PosY,Rot,Side
"ENC1","RotaryEncoder_Switch","RotaryEncoder_Alps_EC11E-Switch_Vertical_H20mm",139.500000,-111.275000,-90.000000,bottom
"FS1","Foot_Switch_1","PinHeader_1x02_P2.54mm_Vertical",140.040000,-132.250000,90.000000,bottom
"FS2","Foot_Switch_2","PinHeader_1x02_P2.54mm_Vertical",146.500000,-132.250000,90.000000,bottom
"LED1","LED_1","PinHeader_1x02_P2.54mm_Vertical",124.750000,-125.000000,90.000000,bottom
"LED2","LED_2","PinHeader_1x02_P2.54mm_Vertical",161.775000,-125.000000,90.000000,bottom
"POT1","10K","Potentiometer_Bourns_PRS11R",164.500000,-62.000000,90.000000,bottom
"POT2","10K","Potentiometer_Bourns_PRS11R",144.500000,-62.000000,90.000000,bottom
"POT3","10K","Potentiometer_Bourns_PRS11R",124.500000,-62.000000,90.000000,bottom
"POT4","10K","Potentiometer_Bourns_PRS11R",159.500000,-70.500000,-90.000000,bottom
"POT5","10K","Potentiometer_Bourns_PRS11R",139.500000,-70.500000,-90.000000,bottom
"POT6","10K","Potentiometer_Bourns_PRS11R",119.500000,-70.500000,-90.000000,bottom
"U6","OLED_DISPLAY_SSD1306_SPI","HiLetgo_OLED_SPI",142.000000,-98.000000,180.000000,bottom
